name,url,img_url,price,User-Agent
Laguna,https://www.glassesshop.com/eyeglasses/fp2126,"https://glassesshop-res.cloudinary.com/c_fill,f_auto,fl_lossy,q_auto,w_800,h_400,c_pad/products/202008/5f30d31c85097.jpg",$24.95,"Mozilla/5.0 (Windows NT 10.0; Win64; x64) AppleWebKit/537.36 (KHTML, like Gecko) Chrome/76.0.3809.100 Safari/537.36"
Salinas,https://www.glassesshop.com/eyeglasses/fp2124,"https://glassesshop-res.cloudinary.com/c_fill,f_auto,fl_lossy,q_auto,w_800,h_400,c_pad/products/202008/5f30d30f5d6a5.jpg",$24.95,"Mozilla/5.0 (Windows NT 10.0; Win64; x64) AppleWebKit/537.36 (KHTML, like Gecko) Chrome/76.0.3809.100 Safari/537.36"
Eleanore,https://www.glassesshop.com/eyeglasses/fp2118,"https://glassesshop-res.cloudinary.com/c_fill,f_auto,fl_lossy,q_auto,w_800,h_400,c_pad/products/202008/5f30d2e73d859.jpg",$24.95,"Mozilla/5.0 (Windows NT 10.0; Win64; x64) AppleWebKit/537.36 (KHTML, like Gecko) Chrome/76.0.3809.100 Safari/537.36"
Avon,https://www.glassesshop.com/eyeglasses/fm1475,"https://glassesshop-res.cloudinary.com/c_fill,f_auto,fl_lossy,q_auto,w_800,h_400,c_pad/products/202008/5f475d92a02ce.jpg",$34.95,"Mozilla/5.0 (Windows NT 10.0; Win64; x64) AppleWebKit/537.36 (KHTML, like Gecko) Chrome/76.0.3809.100 Safari/537.36"
Pensacola,https://www.glassesshop.com/eyeglasses/fm1473,"https://glassesshop-res.cloudinary.com/c_fill,f_auto,fl_lossy,q_auto,w_800,h_400,c_pad/products/202008/5f475d83e8e69.jpg",$34.95,"Mozilla/5.0 (Windows NT 10.0; Win64; x64) AppleWebKit/537.36 (KHTML, like Gecko) Chrome/76.0.3809.100 Safari/537.36"
,,https://www.glassesshop.com/bestsellers/,,"Mozilla/5.0 (Windows NT 10.0; Win64; x64) AppleWebKit/537.36 (KHTML, like Gecko) Chrome/76.0.3809.100 Safari/537.36"
Maxine,https://www.glassesshop.com/eyeglasses/st0244,"https://glassesshop-res.cloudinary.com/c_fill,f_auto,fl_lossy,q_auto,w_800,h_400,c_pad/products/202008/5f30c191bee90.jpg",$54.95,"Mozilla/5.0 (Windows NT 10.0; Win64; x64) AppleWebKit/537.36 (KHTML, like Gecko) Chrome/76.0.3809.100 Safari/537.36"
Jellico,https://www.glassesshop.com/eyeglasses/fz1495,"https://glassesshop-res.cloudinary.com/c_fill,f_auto,fl_lossy,q_auto,w_800,h_400,c_pad/products/202008/5f30c135657d0.jpg",$29.95,"Mozilla/5.0 (Windows NT 10.0; Win64; x64) AppleWebKit/537.36 (KHTML, like Gecko) Chrome/76.0.3809.100 Safari/537.36"
Gulfport,https://www.glassesshop.com/eyeglasses/fp2106,"https://glassesshop-res.cloudinary.com/c_fill,f_auto,fl_lossy,q_auto,w_800,h_400,c_pad/products/202006/5ef06e3a89c4c.jpg",$19.95,"Mozilla/5.0 (Windows NT 10.0; Win64; x64) AppleWebKit/537.36 (KHTML, like Gecko) Chrome/76.0.3809.100 Safari/537.36"
Taurus,https://www.glassesshop.com/eyeglasses/fp2071,"https://glassesshop-res.cloudinary.com/c_fill,f_auto,fl_lossy,q_auto,w_800,h_400,c_pad/products/202008/5f28fbccc8a8b.jpg",$24.95,"Mozilla/5.0 (Windows NT 10.0; Win64; x64) AppleWebKit/537.36 (KHTML, like Gecko) Chrome/76.0.3809.100 Safari/537.36"
Libra,https://www.glassesshop.com/eyeglasses/fp2047,"https://glassesshop-res.cloudinary.com/c_fill,f_auto,fl_lossy,q_auto,w_800,h_400,c_pad/products/202002/5e43692687da0.jpg",$24.95,"Mozilla/5.0 (Windows NT 10.0; Win64; x64) AppleWebKit/537.36 (KHTML, like Gecko) Chrome/76.0.3809.100 Safari/537.36"
Leigh,https://www.glassesshop.com/eyeglasses/fz1368,"https://glassesshop-res.cloudinary.com/c_fill,f_auto,fl_lossy,q_auto,w_800,h_400,c_pad/products/201907/5d268bd885fb9.jpg",$29.95,"Mozilla/5.0 (Windows NT 10.0; Win64; x64) AppleWebKit/537.36 (KHTML, like Gecko) Chrome/76.0.3809.100 Safari/537.36"
Taurus,https://www.glassesshop.com/eyeglasses/fp2043,"https://glassesshop-res.cloudinary.com/c_fill,f_auto,fl_lossy,q_auto,w_800,h_400,c_pad/products/202002/5e43690b02bb9.jpg",$24.95,"Mozilla/5.0 (Windows NT 10.0; Win64; x64) AppleWebKit/537.36 (KHTML, like Gecko) Chrome/76.0.3809.100 Safari/537.36"
Fresno,https://www.glassesshop.com/eyeglasses/fp2038,"https://glassesshop-res.cloudinary.com/c_fill,f_auto,fl_lossy,q_auto,w_800,h_400,c_pad/products/202002/5e377f71e127e.jpg",$12.95,"Mozilla/5.0 (Windows NT 10.0; Win64; x64) AppleWebKit/537.36 (KHTML, like Gecko) Chrome/76.0.3809.100 Safari/537.36"
Oberlin,https://www.glassesshop.com/eyeglasses/fp2035,"https://glassesshop-res.cloudinary.com/c_fill,f_auto,fl_lossy,q_auto,w_800,h_400,c_pad/products/201911/5dbfed02cae13.jpg",$19.95,"Mozilla/5.0 (Windows NT 10.0; Win64; x64) AppleWebKit/537.36 (KHTML, like Gecko) Chrome/76.0.3809.100 Safari/537.36"
Oberlin,https://www.glassesshop.com/eyeglasses/fp2034,"https://glassesshop-res.cloudinary.com/c_fill,f_auto,fl_lossy,q_auto,w_800,h_400,c_pad/products/202004/5e914ad60c331.jpg",$19.95,"Mozilla/5.0 (Windows NT 10.0; Win64; x64) AppleWebKit/537.36 (KHTML, like Gecko) Chrome/76.0.3809.100 Safari/537.36"
Oberlin,https://www.glassesshop.com/eyeglasses/fp2033,"https://glassesshop-res.cloudinary.com/c_fill,f_auto,fl_lossy,q_auto,w_800,h_400,c_pad/products/202004/5e914ace4f273.jpg",$19.95,"Mozilla/5.0 (Windows NT 10.0; Win64; x64) AppleWebKit/537.36 (KHTML, like Gecko) Chrome/76.0.3809.100 Safari/537.36"
Oberlin,https://www.glassesshop.com/eyeglasses/fp2032,"https://glassesshop-res.cloudinary.com/c_fill,f_auto,fl_lossy,q_auto,w_800,h_400,c_pad/products/202001/5e28f5edb550c.jpg",$19.95,"Mozilla/5.0 (Windows NT 10.0; Win64; x64) AppleWebKit/537.36 (KHTML, like Gecko) Chrome/76.0.3809.100 Safari/537.36"
Rainbow,https://www.glassesshop.com/eyeglasses/fp2013,"https://glassesshop-res.cloudinary.com/c_fill,f_auto,fl_lossy,q_auto,w_800,h_400,c_pad/products/201910/5db16a534b675.jpg",$12.95,"Mozilla/5.0 (Windows NT 10.0; Win64; x64) AppleWebKit/537.36 (KHTML, like Gecko) Chrome/76.0.3809.100 Safari/537.36"
Pueblo,https://www.glassesshop.com/eyeglasses/sup0968,"https://glassesshop-res.cloudinary.com/c_fill,f_auto,fl_lossy,q_auto,w_800,h_400,c_pad/products/202008/5f30c1c7afc1f.jpg",$29.95,"Mozilla/5.0 (Windows NT 10.0; Win64; x64) AppleWebKit/537.36 (KHTML, like Gecko) Chrome/76.0.3809.100 Safari/537.36"
Cooksville,https://www.glassesshop.com/eyeglasses/fp2010,"https://glassesshop-res.cloudinary.com/c_fill,f_auto,fl_lossy,q_auto,w_800,h_400,c_pad/products/202009/5f59eebb5cf10.jpg",$12.95,"Mozilla/5.0 (Windows NT 10.0; Win64; x64) AppleWebKit/537.36 (KHTML, like Gecko) Chrome/76.0.3809.100 Safari/537.36"
Asheville,https://www.glassesshop.com/eyeglasses/fp1992,"https://glassesshop-res.cloudinary.com/c_fill,f_auto,fl_lossy,q_auto,w_800,h_400,c_pad/products/202008/5f28fbc5c037b.jpg",$12.95,"Mozilla/5.0 (Windows NT 10.0; Win64; x64) AppleWebKit/537.36 (KHTML, like Gecko) Chrome/76.0.3809.100 Safari/537.36"
Asheville,https://www.glassesshop.com/eyeglasses/fp1991,"https://glassesshop-res.cloudinary.com/c_fill,f_auto,fl_lossy,q_auto,w_800,h_400,c_pad/products/201910/5d9ff9e77ae6e.jpg",$12.95,"Mozilla/5.0 (Windows NT 10.0; Win64; x64) AppleWebKit/537.36 (KHTML, like Gecko) Chrome/76.0.3809.100 Safari/537.36"
Asheville,https://www.glassesshop.com/eyeglasses/fp1990,"https://glassesshop-res.cloudinary.com/c_fill,f_auto,fl_lossy,q_auto,w_800,h_400,c_pad/products/201910/5d9ff9e0a3ca8.jpg",$12.95,"Mozilla/5.0 (Windows NT 10.0; Win64; x64) AppleWebKit/537.36 (KHTML, like Gecko) Chrome/76.0.3809.100 Safari/537.36"
Bronx,https://www.glassesshop.com/eyeglasses/fp1979,"https://glassesshop-res.cloudinary.com/c_fill,f_auto,fl_lossy,q_auto,w_800,h_400,c_pad/products/201910/5d9ff9961f92a.jpg",$12.95,"Mozilla/5.0 (Windows NT 10.0; Win64; x64) AppleWebKit/537.36 (KHTML, like Gecko) Chrome/76.0.3809.100 Safari/537.36"
Miami,https://www.glassesshop.com/eyeglasses/fz1391,"https://glassesshop-res.cloudinary.com/c_fill,f_auto,fl_lossy,q_auto,w_800,h_400,c_pad/products/201910/5d9ffa6c561dc.jpg",$29.95,"Mozilla/5.0 (Windows NT 10.0; Win64; x64) AppleWebKit/537.36 (KHTML, like Gecko) Chrome/76.0.3809.100 Safari/537.36"
Eleanor,https://www.glassesshop.com/eyeglasses/fp1948,"https://glassesshop-res.cloudinary.com/c_fill,f_auto,fl_lossy,q_auto,w_800,h_400,c_pad/products/202005/5ec4810dc05c2.jpg",$12.95,"Mozilla/5.0 (Windows NT 10.0; Win64; x64) AppleWebKit/537.36 (KHTML, like Gecko) Chrome/76.0.3809.100 Safari/537.36"
Laurie,https://www.glassesshop.com/eyeglasses/fz1386,"https://glassesshop-res.cloudinary.com/c_fill,f_auto,fl_lossy,q_auto,w_800,h_400,c_pad/products/201908/5d4d19ea68174.jpg",$29.95,"Mozilla/5.0 (Windows NT 10.0; Win64; x64) AppleWebKit/537.36 (KHTML, like Gecko) Chrome/76.0.3809.100 Safari/537.36"
Lindsay,https://www.glassesshop.com/eyeglasses/fz1382,"https://glassesshop-res.cloudinary.com/c_fill,f_auto,fl_lossy,q_auto,w_800,h_400,c_pad/products/201908/5d4d19dba44c0.jpg",$29.95,"Mozilla/5.0 (Windows NT 10.0; Win64; x64) AppleWebKit/537.36 (KHTML, like Gecko) Chrome/76.0.3809.100 Safari/537.36"
Dubois,https://www.glassesshop.com/eyeglasses/ft0326,"https://glassesshop-res.cloudinary.com/c_fill,f_auto,fl_lossy,q_auto,w_800,h_400,c_pad/products/201908/5d4d180867511.jpg",$49.95,"Mozilla/5.0 (Windows NT 10.0; Win64; x64) AppleWebKit/537.36 (KHTML, like Gecko) Chrome/76.0.3809.100 Safari/537.36"
Bobosa,https://www.glassesshop.com/eyeglasses/fz1375,"https://glassesshop-res.cloudinary.com/c_fill,f_auto,fl_lossy,q_auto,w_800,h_400,c_pad/products/201907/5d2d2660a22b3.jpg",$29.95,"Mozilla/5.0 (Windows NT 10.0; Win64; x64) AppleWebKit/537.36 (KHTML, like Gecko) Chrome/76.0.3809.100 Safari/537.36"
Marlowe,https://www.glassesshop.com/eyeglasses/sup0711,"https://glassesshop-res.cloudinary.com/c_fill,f_auto,fl_lossy,q_auto,w_800,h_400,c_pad/products/201907/5d268bd89da12.jpg",$19.95,"Mozilla/5.0 (Windows NT 10.0; Win64; x64) AppleWebKit/537.36 (KHTML, like Gecko) Chrome/76.0.3809.100 Safari/537.36"
Maltz,https://www.glassesshop.com/eyeglasses/fz1370,"https://glassesshop-res.cloudinary.com/c_fill,f_auto,fl_lossy,q_auto,w_800,h_400,c_pad/products/201907/5d268bd88f69a.jpg",$29.95,"Mozilla/5.0 (Windows NT 10.0; Win64; x64) AppleWebKit/537.36 (KHTML, like Gecko) Chrome/76.0.3809.100 Safari/537.36"
Milne,https://www.glassesshop.com/eyeglasses/fz1358,"https://glassesshop-res.cloudinary.com/c_fill,f_auto,fl_lossy,q_auto,w_800,h_400,c_pad/products/201907/5d1dad7e8b665.jpg",$29.95,"Mozilla/5.0 (Windows NT 10.0; Win64; x64) AppleWebKit/537.36 (KHTML, like Gecko) Chrome/76.0.3809.100 Safari/537.36"
Celia,https://www.glassesshop.com/eyeglasses/fm1389,"https://glassesshop-res.cloudinary.com/c_fill,f_auto,fl_lossy,q_auto,w_800,h_400,c_pad/products/201906/5d03189638680.jpg",$19.95,"Mozilla/5.0 (Windows NT 10.0; Win64; x64) AppleWebKit/537.36 (KHTML, like Gecko) Chrome/76.0.3809.100 Safari/537.36"
Celia,https://www.glassesshop.com/eyeglasses/fm1387,"https://glassesshop-res.cloudinary.com/c_fill,f_auto,fl_lossy,q_auto,w_800,h_400,c_pad/products/201906/5d031896311f6.jpg",$19.95,"Mozilla/5.0 (Windows NT 10.0; Win64; x64) AppleWebKit/537.36 (KHTML, like Gecko) Chrome/76.0.3809.100 Safari/537.36"
Riverside,https://www.glassesshop.com/eyeglasses/fm1385,"https://glassesshop-res.cloudinary.com/c_fill,f_auto,fl_lossy,q_auto,w_800,h_400,c_pad/products/201906/5d031896295ff.jpg",$19.95,"Mozilla/5.0 (Windows NT 10.0; Win64; x64) AppleWebKit/537.36 (KHTML, like Gecko) Chrome/76.0.3809.100 Safari/537.36"
Annabel,https://www.glassesshop.com/eyeglasses/ft0304,"https://glassesshop-res.cloudinary.com/c_fill,f_auto,fl_lossy,q_auto,w_800,h_400,c_pad/products/201906/5d0318965cdb1.jpg",$39.95,"Mozilla/5.0 (Windows NT 10.0; Win64; x64) AppleWebKit/537.36 (KHTML, like Gecko) Chrome/76.0.3809.100 Safari/537.36"
Vogt,https://www.glassesshop.com/eyeglasses/fz1320,"https://glassesshop-res.cloudinary.com/c_fill,f_auto,fl_lossy,q_auto,w_800,h_400,c_pad/products/201906/5cf8ca4eb5fb5.jpg",$29.95,"Mozilla/5.0 (Windows NT 10.0; Win64; x64) AppleWebKit/537.36 (KHTML, like Gecko) Chrome/76.0.3809.100 Safari/537.36"
Wilsen,https://www.glassesshop.com/eyeglasses/fz1315,"https://glassesshop-res.cloudinary.com/c_fill,f_auto,fl_lossy,q_auto,w_800,h_400,c_pad/products/201906/5cf8ca4ea18c0.jpg",$29.95,"Mozilla/5.0 (Windows NT 10.0; Win64; x64) AppleWebKit/537.36 (KHTML, like Gecko) Chrome/76.0.3809.100 Safari/537.36"
Jinbee,https://www.glassesshop.com/eyeglasses/fp1903,"https://glassesshop-res.cloudinary.com/c_fill,f_auto,fl_lossy,q_auto,w_800,h_400,c_pad/products/201905/5ce3ad100f3fe.jpg",$19.95,"Mozilla/5.0 (Windows NT 10.0; Win64; x64) AppleWebKit/537.36 (KHTML, like Gecko) Chrome/76.0.3809.100 Safari/537.36"
Tacab,https://www.glassesshop.com/eyeglasses/fp1831,"https://glassesshop-res.cloudinary.com/c_fill,f_auto,fl_lossy,q_auto,w_800,h_400,c_pad/products/201904/5cb69b5102348.jpg",$19.95,"Mozilla/5.0 (Windows NT 10.0; Win64; x64) AppleWebKit/537.36 (KHTML, like Gecko) Chrome/76.0.3809.100 Safari/537.36"
Averies,https://www.glassesshop.com/eyeglasses/fp1828,"https://glassesshop-res.cloudinary.com/c_fill,f_auto,fl_lossy,q_auto,w_800,h_400,c_pad/products/201904/5cb69b42234af.jpg",$19.95,"Mozilla/5.0 (Windows NT 10.0; Win64; x64) AppleWebKit/537.36 (KHTML, like Gecko) Chrome/76.0.3809.100 Safari/537.36"
Wilker,https://www.glassesshop.com/eyeglasses/sup0622,"https://glassesshop-res.cloudinary.com/c_fill,f_auto,fl_lossy,q_auto,w_800,h_400,c_pad/products/201904/5cb69b5e59b5c.jpg",$29.95,"Mozilla/5.0 (Windows NT 10.0; Win64; x64) AppleWebKit/537.36 (KHTML, like Gecko) Chrome/76.0.3809.100 Safari/537.36"
Butler,https://www.glassesshop.com/eyeglasses/fp1841,"https://glassesshop-res.cloudinary.com/c_fill,f_auto,fl_lossy,q_auto,w_800,h_400,c_pad/products/201904/5cb69b512d7b0.jpg",$19.95,"Mozilla/5.0 (Windows NT 10.0; Win64; x64) AppleWebKit/537.36 (KHTML, like Gecko) Chrome/76.0.3809.100 Safari/537.36"
Hume,https://www.glassesshop.com/eyeglasses/fz1297,"https://glassesshop-res.cloudinary.com/c_fill,f_auto,fl_lossy,q_auto,w_800,h_400,c_pad/products/201901/5c3403881a8fe.jpg",$29.95,"Mozilla/5.0 (Windows NT 10.0; Win64; x64) AppleWebKit/537.36 (KHTML, like Gecko) Chrome/76.0.3809.100 Safari/537.36"
Horatio,https://www.glassesshop.com/eyeglasses/sm0876,"https://glassesshop-res.cloudinary.com/c_fill,f_auto,fl_lossy,q_auto,w_800,h_400,c_pad/products/201812/5c24368513a4f.jpg",$19.95,"Mozilla/5.0 (Windows NT 10.0; Win64; x64) AppleWebKit/537.36 (KHTML, like Gecko) Chrome/76.0.3809.100 Safari/537.36"
Haywood,https://www.glassesshop.com/eyeglasses/fm1354,"https://glassesshop-res.cloudinary.com/c_fill,f_auto,fl_lossy,q_auto,w_800,h_400,c_pad/products/201812/5c2436744ec7f.jpg",$29.95,"Mozilla/5.0 (Windows NT 10.0; Win64; x64) AppleWebKit/537.36 (KHTML, like Gecko) Chrome/76.0.3809.100 Safari/537.36"
Haywood,https://www.glassesshop.com/eyeglasses/fm1352,"https://glassesshop-res.cloudinary.com/c_fill,f_auto,fl_lossy,q_auto,w_800,h_400,c_pad/products/201812/5c243674485c6.jpg",$29.95,"Mozilla/5.0 (Windows NT 10.0; Win64; x64) AppleWebKit/537.36 (KHTML, like Gecko) Chrome/76.0.3809.100 Safari/537.36"
Gaskell,https://www.glassesshop.com/eyeglasses/sup0568,"https://glassesshop-res.cloudinary.com/c_fill,f_auto,fl_lossy,q_auto,w_800,h_400,c_pad/products/201811/5be91fb066b41.jpg",$29.95,"Mozilla/5.0 (Windows NT 10.0; Win64; x64) AppleWebKit/537.36 (KHTML, like Gecko) Chrome/76.0.3809.100 Safari/537.36"
Ezekiel,https://www.glassesshop.com/eyeglasses/fz1279,"https://glassesshop-res.cloudinary.com/c_fill,f_auto,fl_lossy,q_auto,w_800,h_400,c_pad/products/201810/5bbc50f665fff.jpg",$29.95,"Mozilla/5.0 (Windows NT 10.0; Win64; x64) AppleWebKit/537.36 (KHTML, like Gecko) Chrome/76.0.3809.100 Safari/537.36"
Ezekiel,https://www.glassesshop.com/eyeglasses/fz1278,"https://glassesshop-res.cloudinary.com/c_fill,f_auto,fl_lossy,q_auto,w_800,h_400,c_pad/products/201810/5bbc50f66304b.jpg",$29.95,"Mozilla/5.0 (Windows NT 10.0; Win64; x64) AppleWebKit/537.36 (KHTML, like Gecko) Chrome/76.0.3809.100 Safari/537.36"
Genevieve,https://www.glassesshop.com/eyeglasses/fz1270,"https://glassesshop-res.cloudinary.com/c_fill,f_auto,fl_lossy,q_auto,w_800,h_400,c_pad/products/201812/5c26d172e6aa2.jpg",$34.95,"Mozilla/5.0 (Windows NT 10.0; Win64; x64) AppleWebKit/537.36 (KHTML, like Gecko) Chrome/76.0.3809.100 Safari/537.36"
Genevieve,https://www.glassesshop.com/eyeglasses/fz1269,"https://glassesshop-res.cloudinary.com/c_fill,f_auto,fl_lossy,q_auto,w_800,h_400,c_pad/products/201810/5bbc509cca408.jpg",$34.95,"Mozilla/5.0 (Windows NT 10.0; Win64; x64) AppleWebKit/537.36 (KHTML, like Gecko) Chrome/76.0.3809.100 Safari/537.36"
Genevieve,https://www.glassesshop.com/eyeglasses/fz1268,"https://glassesshop-res.cloudinary.com/c_fill,f_auto,fl_lossy,q_auto,w_800,h_400,c_pad/products/201810/5bbc509cc7c07.jpg",$34.95,"Mozilla/5.0 (Windows NT 10.0; Win64; x64) AppleWebKit/537.36 (KHTML, like Gecko) Chrome/76.0.3809.100 Safari/537.36"
Vivian,https://www.glassesshop.com/eyeglasses/fz1250,"https://glassesshop-res.cloudinary.com/c_fill,f_auto,fl_lossy,q_auto,w_800,h_400,c_pad/products/201810/5bbc4f0f37405.jpg",$29.95,"Mozilla/5.0 (Windows NT 10.0; Win64; x64) AppleWebKit/537.36 (KHTML, like Gecko) Chrome/76.0.3809.100 Safari/537.36"
Willie,https://www.glassesshop.com/eyeglasses/sm0860,"https://glassesshop-res.cloudinary.com/c_fill,f_auto,fl_lossy,q_auto,w_800,h_400,c_pad/products/201810/5bbc51096d6bb.jpg",$19.95,"Mozilla/5.0 (Windows NT 10.0; Win64; x64) AppleWebKit/537.36 (KHTML, like Gecko) Chrome/76.0.3809.100 Safari/537.36"
Winchester,https://www.glassesshop.com/eyeglasses/fp1770,"https://glassesshop-res.cloudinary.com/c_fill,f_auto,fl_lossy,q_auto,w_800,h_400,c_pad/products/201809/5bac31dd12811.jpg",$19.95,"Mozilla/5.0 (Windows NT 10.0; Win64; x64) AppleWebKit/537.36 (KHTML, like Gecko) Chrome/76.0.3809.100 Safari/537.36"
Pete,https://www.glassesshop.com/eyeglasses/fz1209,"https://glassesshop-res.cloudinary.com/c_fill,f_auto,fl_lossy,q_auto,w_800,h_400,c_pad/products/202008/5f4775478f20c.jpg",$29.95,"Mozilla/5.0 (Windows NT 10.0; Win64; x64) AppleWebKit/537.36 (KHTML, like Gecko) Chrome/76.0.3809.100 Safari/537.36"
Pete,https://www.glassesshop.com/eyeglasses/fz1208,"https://glassesshop-res.cloudinary.com/c_fill,f_auto,fl_lossy,q_auto,w_800,h_400,c_pad/products/201807/5b4c5f6565a61.jpg",$19.95,"Mozilla/5.0 (Windows NT 10.0; Win64; x64) AppleWebKit/537.36 (KHTML, like Gecko) Chrome/76.0.3809.100 Safari/537.36"
Rochester,https://www.glassesshop.com/eyeglasses/fm1263,"https://glassesshop-res.cloudinary.com/c_fill,f_auto,fl_lossy,q_auto,w_800,h_400,c_pad/products/201906/5cf730e71cec3.jpg",$29.95,"Mozilla/5.0 (Windows NT 10.0; Win64; x64) AppleWebKit/537.36 (KHTML, like Gecko) Chrome/76.0.3809.100 Safari/537.36"
Burke,https://www.glassesshop.com/eyeglasses/fm1244,"https://glassesshop-res.cloudinary.com/c_fill,f_auto,fl_lossy,q_auto,w_800,h_400,c_pad/products/201805/5b05174d38e7e.jpg",$24.95,"Mozilla/5.0 (Windows NT 10.0; Win64; x64) AppleWebKit/537.36 (KHTML, like Gecko) Chrome/76.0.3809.100 Safari/537.36"
Burke,https://www.glassesshop.com/eyeglasses/fm1243,"https://glassesshop-res.cloudinary.com/c_fill,f_auto,fl_lossy,q_auto,w_800,h_400,c_pad/products/201805/5b05174513cea.jpg",$24.95,"Mozilla/5.0 (Windows NT 10.0; Win64; x64) AppleWebKit/537.36 (KHTML, like Gecko) Chrome/76.0.3809.100 Safari/537.36"
Jean,https://www.glassesshop.com/eyeglasses/fp1719,"https://glassesshop-res.cloudinary.com/c_fill,f_auto,fl_lossy,q_auto,w_800,h_400,c_pad/products/201902/5c7757050ca47.jpg",$24.95,"Mozilla/5.0 (Windows NT 10.0; Win64; x64) AppleWebKit/537.36 (KHTML, like Gecko) Chrome/76.0.3809.100 Safari/537.36"
Jean,https://www.glassesshop.com/eyeglasses/fp1717,"https://glassesshop-res.cloudinary.com/c_fill,f_auto,fl_lossy,q_auto,w_800,h_400,c_pad/products/201805/5b03bc6e7b94e.jpg",$24.95,"Mozilla/5.0 (Windows NT 10.0; Win64; x64) AppleWebKit/537.36 (KHTML, like Gecko) Chrome/76.0.3809.100 Safari/537.36"
,,https://www.glassesshop.com/bestsellers?page=2,,"Mozilla/5.0 (Windows NT 10.0; Win64; x64) AppleWebKit/537.36 (KHTML, like Gecko) Chrome/76.0.3809.100 Safari/537.36"
Isaiah,https://www.glassesshop.com/eyeglasses/fp1643,"https://glassesshop-res.cloudinary.com/c_fill,f_auto,fl_lossy,q_auto,w_800,h_400,c_pad/products/202008/5f4775405e761.jpg",$19.95,"Mozilla/5.0 (Windows NT 10.0; Win64; x64) AppleWebKit/537.36 (KHTML, like Gecko) Chrome/76.0.3809.100 Safari/537.36"
Isaiah,https://www.glassesshop.com/eyeglasses/fp1642,"https://glassesshop-res.cloudinary.com/c_fill,f_auto,fl_lossy,q_auto,w_800,h_400,c_pad/products/201910/5db26823a6070.jpg",$19.95,"Mozilla/5.0 (Windows NT 10.0; Win64; x64) AppleWebKit/537.36 (KHTML, like Gecko) Chrome/76.0.3809.100 Safari/537.36"
Cooksville,https://www.glassesshop.com/eyeglasses/fp1568,"https://glassesshop-res.cloudinary.com/c_fill,f_auto,fl_lossy,q_auto,w_800,h_400,c_pad/products/202005/5eb91ac41a1bc.jpg",$24.95,"Mozilla/5.0 (Windows NT 10.0; Win64; x64) AppleWebKit/537.36 (KHTML, like Gecko) Chrome/76.0.3809.100 Safari/537.36"
Prince,https://www.glassesshop.com/eyeglasses/fp1438,"https://glassesshop-res.cloudinary.com/c_fill,f_auto,fl_lossy,q_auto,w_800,h_400,c_pad/products/202005/5eb91ab52f793.jpg",$19.95,"Mozilla/5.0 (Windows NT 10.0; Win64; x64) AppleWebKit/537.36 (KHTML, like Gecko) Chrome/76.0.3809.100 Safari/537.36"
Mandy,https://www.glassesshop.com/eyeglasses/fz1088,"https://glassesshop-res.cloudinary.com/c_fill,f_auto,fl_lossy,q_auto,w_800,h_400,c_pad/products/201805/5af25c0791bb4.jpg",$29.95,"Mozilla/5.0 (Windows NT 10.0; Win64; x64) AppleWebKit/537.36 (KHTML, like Gecko) Chrome/76.0.3809.100 Safari/537.36"
Mandy,https://www.glassesshop.com/eyeglasses/fz1087,"https://glassesshop-res.cloudinary.com/c_fill,f_auto,fl_lossy,q_auto,w_800,h_400,c_pad/products/201710/59e01c443bff6.jpg",$29.95,"Mozilla/5.0 (Windows NT 10.0; Win64; x64) AppleWebKit/537.36 (KHTML, like Gecko) Chrome/76.0.3809.100 Safari/537.36"
Nicole,https://www.glassesshop.com/eyeglasses/fz1083,"https://glassesshop-res.cloudinary.com/c_fill,f_auto,fl_lossy,q_auto,w_800,h_400,c_pad/products/201710/59e01c2604ce3.jpg",$19.95,"Mozilla/5.0 (Windows NT 10.0; Win64; x64) AppleWebKit/537.36 (KHTML, like Gecko) Chrome/76.0.3809.100 Safari/537.36"
Poppy,https://www.glassesshop.com/eyeglasses/fz1032,"https://glassesshop-res.cloudinary.com/c_fill,f_auto,fl_lossy,q_auto,w_800,h_400,c_pad/products/202008/5f3f2ff2de850.jpg",$19.95,"Mozilla/5.0 (Windows NT 10.0; Win64; x64) AppleWebKit/537.36 (KHTML, like Gecko) Chrome/76.0.3809.100 Safari/537.36"
Miami,https://www.glassesshop.com/eyeglasses/fz0981,"https://glassesshop-res.cloudinary.com/c_fill,f_auto,fl_lossy,q_auto,w_800,h_400,c_pad/products/201704/58f85d7927324.jpg",$29.95,"Mozilla/5.0 (Windows NT 10.0; Win64; x64) AppleWebKit/537.36 (KHTML, like Gecko) Chrome/76.0.3809.100 Safari/537.36"
Hyannis,https://www.glassesshop.com/eyeglasses/fp1112,"https://glassesshop-res.cloudinary.com/c_fill,f_auto,fl_lossy,q_auto,w_800,h_400,c_pad/products/201710/59e55c87434bb.jpg",$29.95,"Mozilla/5.0 (Windows NT 10.0; Win64; x64) AppleWebKit/537.36 (KHTML, like Gecko) Chrome/76.0.3809.100 Safari/537.36"
Fresno,https://www.glassesshop.com/eyeglasses/fp2036,"https://glassesshop-res.cloudinary.com/c_fill,f_auto,fl_lossy,q_auto,w_800,h_400,c_pad/products/202002/5e377f634cb1c.jpg",$12.95,"Mozilla/5.0 (Windows NT 10.0; Win64; x64) AppleWebKit/537.36 (KHTML, like Gecko) Chrome/76.0.3809.100 Safari/537.36"
Arlene,https://www.glassesshop.com/eyeglasses/fp1763,"https://glassesshop-res.cloudinary.com/c_fill,f_auto,fl_lossy,q_auto,w_800,h_400,c_pad/products/201904/5ca2bda91b3a0.jpg",$24.95,"Mozilla/5.0 (Windows NT 10.0; Win64; x64) AppleWebKit/537.36 (KHTML, like Gecko) Chrome/76.0.3809.100 Safari/537.36"
Bray,https://www.glassesshop.com/eyeglasses/fp1923,"https://glassesshop-res.cloudinary.com/c_fill,f_auto,fl_lossy,q_auto,w_800,h_400,c_pad/products/201908/5d4d18fc8b7fc.jpg",$12.95,"Mozilla/5.0 (Windows NT 10.0; Win64; x64) AppleWebKit/537.36 (KHTML, like Gecko) Chrome/76.0.3809.100 Safari/537.36"
Bronx,https://www.glassesshop.com/eyeglasses/fp1977,"https://glassesshop-res.cloudinary.com/c_fill,f_auto,fl_lossy,q_auto,w_800,h_400,c_pad/products/201910/5d9ff988f285a.jpg",$12.95,"Mozilla/5.0 (Windows NT 10.0; Win64; x64) AppleWebKit/537.36 (KHTML, like Gecko) Chrome/76.0.3809.100 Safari/537.36"
Lexingto,https://www.glassesshop.com/eyeglasses/fp1694,"https://glassesshop-res.cloudinary.com/c_fill,f_auto,fl_lossy,q_auto,w_800,h_400,c_pad/products/201805/5b03be967b506.jpg",$19.95,"Mozilla/5.0 (Windows NT 10.0; Win64; x64) AppleWebKit/537.36 (KHTML, like Gecko) Chrome/76.0.3809.100 Safari/537.36"
Hillsborough,https://www.glassesshop.com/eyeglasses/fp0989,"https://glassesshop-res.cloudinary.com/c_fill,f_auto,fl_lossy,q_auto,w_800,h_400,c_pad/products/201808/5b873cb01adee.jpg",$19.95,"Mozilla/5.0 (Windows NT 10.0; Win64; x64) AppleWebKit/537.36 (KHTML, like Gecko) Chrome/76.0.3809.100 Safari/537.36"
Bronx,https://www.glassesshop.com/eyeglasses/fp1978,"https://glassesshop-res.cloudinary.com/c_fill,f_auto,fl_lossy,q_auto,w_800,h_400,c_pad/products/201910/5d9ff98fb140d.jpg",$12.95,"Mozilla/5.0 (Windows NT 10.0; Win64; x64) AppleWebKit/537.36 (KHTML, like Gecko) Chrome/76.0.3809.100 Safari/537.36"
Newark,https://www.glassesshop.com/eyeglasses/fm1372,"https://glassesshop-res.cloudinary.com/c_fill,f_auto,fl_lossy,q_auto,w_800,h_400,c_pad/products/201903/5c99cd282b827.jpg",$24.95,"Mozilla/5.0 (Windows NT 10.0; Win64; x64) AppleWebKit/537.36 (KHTML, like Gecko) Chrome/76.0.3809.100 Safari/537.36"
Joni,https://www.glassesshop.com/eyeglasses/fp2024,"https://glassesshop-res.cloudinary.com/c_fill,f_auto,fl_lossy,q_auto,w_800,h_400,c_pad/products/202006/5eddf0b0da7ac.jpg",$29.95,"Mozilla/5.0 (Windows NT 10.0; Win64; x64) AppleWebKit/537.36 (KHTML, like Gecko) Chrome/76.0.3809.100 Safari/537.36"
Evanston,https://www.glassesshop.com/eyeglasses/sup0791,"https://glassesshop-res.cloudinary.com/c_fill,f_auto,fl_lossy,q_auto,w_800,h_400,c_pad/products/202007/5f1e8acd71af1.jpg",$29.95,"Mozilla/5.0 (Windows NT 10.0; Win64; x64) AppleWebKit/537.36 (KHTML, like Gecko) Chrome/76.0.3809.100 Safari/537.36"
Horatio,https://www.glassesshop.com/eyeglasses/sm0874,"https://glassesshop-res.cloudinary.com/c_fill,f_auto,fl_lossy,q_auto,w_800,h_400,c_pad/products/201812/5c2436850e3f4.jpg",$19.95,"Mozilla/5.0 (Windows NT 10.0; Win64; x64) AppleWebKit/537.36 (KHTML, like Gecko) Chrome/76.0.3809.100 Safari/537.36"
Virgo,https://www.glassesshop.com/eyeglasses/fm1433,"https://glassesshop-res.cloudinary.com/c_fill,f_auto,fl_lossy,q_auto,w_800,h_400,c_pad/products/202002/5e4367005ae53.jpg",$29.95,"Mozilla/5.0 (Windows NT 10.0; Win64; x64) AppleWebKit/537.36 (KHTML, like Gecko) Chrome/76.0.3809.100 Safari/537.36"
Whittier,https://www.glassesshop.com/eyeglasses/fz1313,"https://glassesshop-res.cloudinary.com/c_fill,f_auto,fl_lossy,q_auto,w_800,h_400,c_pad/products/201906/5cf8ca4e9765e.jpg",$29.95,"Mozilla/5.0 (Windows NT 10.0; Win64; x64) AppleWebKit/537.36 (KHTML, like Gecko) Chrome/76.0.3809.100 Safari/537.36"
Jean,https://www.glassesshop.com/eyeglasses/fp1718,"https://glassesshop-res.cloudinary.com/c_fill,f_auto,fl_lossy,q_auto,w_800,h_400,c_pad/products/202001/5e23b621cdd27.jpg",$19.95,"Mozilla/5.0 (Windows NT 10.0; Win64; x64) AppleWebKit/537.36 (KHTML, like Gecko) Chrome/76.0.3809.100 Safari/537.36"
Thomasville,https://www.glassesshop.com/eyeglasses/fp1563,"https://glassesshop-res.cloudinary.com/c_fill,f_auto,fl_lossy,q_auto,w_800,h_400,c_pad/products/202005/5eb91abca5cd5.jpg",$24.95,"Mozilla/5.0 (Windows NT 10.0; Win64; x64) AppleWebKit/537.36 (KHTML, like Gecko) Chrome/76.0.3809.100 Safari/537.36"
Willie,https://www.glassesshop.com/eyeglasses/sm0862,"https://glassesshop-res.cloudinary.com/c_fill,f_auto,fl_lossy,q_auto,w_800,h_400,c_pad/products/201810/5bbc510972368.jpg",$19.95,"Mozilla/5.0 (Windows NT 10.0; Win64; x64) AppleWebKit/537.36 (KHTML, like Gecko) Chrome/76.0.3809.100 Safari/537.36"
Irvine,https://www.glassesshop.com/eyeglasses/fp2072,"https://glassesshop-res.cloudinary.com/c_fill,f_auto,fl_lossy,q_auto,w_800,h_400,c_pad/products/202005/5eb8b52f69594.jpg",$24.95,"Mozilla/5.0 (Windows NT 10.0; Win64; x64) AppleWebKit/537.36 (KHTML, like Gecko) Chrome/76.0.3809.100 Safari/537.36"
Annabelle,https://www.glassesshop.com/eyeglasses/fp2086,"https://glassesshop-res.cloudinary.com/c_fill,f_auto,fl_lossy,q_auto,w_800,h_400,c_pad/products/202005/5eb8b58e68ce6.jpg",$24.95,"Mozilla/5.0 (Windows NT 10.0; Win64; x64) AppleWebKit/537.36 (KHTML, like Gecko) Chrome/76.0.3809.100 Safari/537.36"
Burke,https://www.glassesshop.com/eyeglasses/fm1245,"https://glassesshop-res.cloudinary.com/c_fill,f_auto,fl_lossy,q_auto,w_800,h_400,c_pad/products/201805/5b0fae09bbb09.jpg",$24.95,"Mozilla/5.0 (Windows NT 10.0; Win64; x64) AppleWebKit/537.36 (KHTML, like Gecko) Chrome/76.0.3809.100 Safari/537.36"
Fresno,https://www.glassesshop.com/eyeglasses/fp2039,"https://glassesshop-res.cloudinary.com/c_fill,f_auto,fl_lossy,q_auto,w_800,h_400,c_pad/products/202002/5e377f795f84d.jpg",$12.95,"Mozilla/5.0 (Windows NT 10.0; Win64; x64) AppleWebKit/537.36 (KHTML, like Gecko) Chrome/76.0.3809.100 Safari/537.36"
Darcy,https://www.glassesshop.com/eyeglasses/sm0787,"https://glassesshop-res.cloudinary.com/c_fill,f_auto,fl_lossy,q_auto,w_800,h_400,c_pad/products/201811/5bff5bf283882.jpg",$19.95,"Mozilla/5.0 (Windows NT 10.0; Win64; x64) AppleWebKit/537.36 (KHTML, like Gecko) Chrome/76.0.3809.100 Safari/537.36"
Celia,https://www.glassesshop.com/eyeglasses/fm1388,"https://glassesshop-res.cloudinary.com/c_fill,f_auto,fl_lossy,q_auto,w_800,h_400,c_pad/products/201906/5d03189634ede.jpg",$19.95,"Mozilla/5.0 (Windows NT 10.0; Win64; x64) AppleWebKit/537.36 (KHTML, like Gecko) Chrome/76.0.3809.100 Safari/537.36"
Hume,https://www.glassesshop.com/eyeglasses/fz1299,"https://glassesshop-res.cloudinary.com/c_fill,f_auto,fl_lossy,q_auto,w_800,h_400,c_pad/products/201901/5c340388202fb.jpg",$29.95,"Mozilla/5.0 (Windows NT 10.0; Win64; x64) AppleWebKit/537.36 (KHTML, like Gecko) Chrome/76.0.3809.100 Safari/537.36"
Rainbow,https://www.glassesshop.com/eyeglasses/fp1658,"https://glassesshop-res.cloudinary.com/c_fill,f_auto,fl_lossy,q_auto,w_800,h_400,c_pad/products/201806/5b10dfd765cde.jpg",$12.95,"Mozilla/5.0 (Windows NT 10.0; Win64; x64) AppleWebKit/537.36 (KHTML, like Gecko) Chrome/76.0.3809.100 Safari/537.36"
Hume,https://www.glassesshop.com/eyeglasses/fz1298,"https://glassesshop-res.cloudinary.com/c_fill,f_auto,fl_lossy,q_auto,w_800,h_400,c_pad/products/201901/5c3403881d955.jpg",$29.95,"Mozilla/5.0 (Windows NT 10.0; Win64; x64) AppleWebKit/537.36 (KHTML, like Gecko) Chrome/76.0.3809.100 Safari/537.36"
Omar,https://www.glassesshop.com/eyeglasses/fm1271,"https://glassesshop-res.cloudinary.com/c_fill,f_auto,fl_lossy,q_auto,w_800,h_400,c_pad/products/201807/5b4c4d7b98167.jpg",$19.95,"Mozilla/5.0 (Windows NT 10.0; Win64; x64) AppleWebKit/537.36 (KHTML, like Gecko) Chrome/76.0.3809.100 Safari/537.36"
Haggai,https://www.glassesshop.com/eyeglasses/fp1775,"https://glassesshop-res.cloudinary.com/c_fill,f_auto,fl_lossy,q_auto,w_800,h_400,c_pad/products/202005/5ecb7f0658107.jpg",$24.95,"Mozilla/5.0 (Windows NT 10.0; Win64; x64) AppleWebKit/537.36 (KHTML, like Gecko) Chrome/76.0.3809.100 Safari/537.36"
Joni,https://www.glassesshop.com/eyeglasses/fp2023,"https://glassesshop-res.cloudinary.com/c_fill,f_auto,fl_lossy,q_auto,w_800,h_400,c_pad/products/201911/5dd3994cc9705.jpg",$29.95,"Mozilla/5.0 (Windows NT 10.0; Win64; x64) AppleWebKit/537.36 (KHTML, like Gecko) Chrome/76.0.3809.100 Safari/537.36"
Thomasville,https://www.glassesshop.com/eyeglasses/fp1564,"https://glassesshop-res.cloudinary.com/c_fill,f_auto,fl_lossy,q_auto,w_800,h_400,c_pad/products/201803/5ab494f934f90.jpg",$24.95,"Mozilla/5.0 (Windows NT 10.0; Win64; x64) AppleWebKit/537.36 (KHTML, like Gecko) Chrome/76.0.3809.100 Safari/537.36"
Attis,https://www.glassesshop.com/eyeglasses/fm1394,"https://glassesshop-res.cloudinary.com/c_fill,f_auto,fl_lossy,q_auto,w_800,h_400,c_pad/products/201909/5d8d7492b0e7d.jpg",$24.95,"Mozilla/5.0 (Windows NT 10.0; Win64; x64) AppleWebKit/537.36 (KHTML, like Gecko) Chrome/76.0.3809.100 Safari/537.36"
Lexingto,https://www.glassesshop.com/eyeglasses/fp1695,"https://glassesshop-res.cloudinary.com/c_fill,f_auto,fl_lossy,q_auto,w_800,h_400,c_pad/products/201805/5b03be9da29e0.jpg",$19.95,"Mozilla/5.0 (Windows NT 10.0; Win64; x64) AppleWebKit/537.36 (KHTML, like Gecko) Chrome/76.0.3809.100 Safari/537.36"
Buckeye,https://www.glassesshop.com/eyeglasses/fz1094,"https://glassesshop-res.cloudinary.com/c_fill,f_auto,fl_lossy,q_auto,w_800,h_400,c_pad/products/201811/5bff5bf27139c.jpg",$29.95,"Mozilla/5.0 (Windows NT 10.0; Win64; x64) AppleWebKit/537.36 (KHTML, like Gecko) Chrome/76.0.3809.100 Safari/537.36"
Kelowna,https://www.glassesshop.com/eyeglasses/fp1409,"https://glassesshop-res.cloudinary.com/c_fill,f_auto,fl_lossy,q_auto,w_800,h_400,c_pad/products/201710/59e4597b52b63.jpg",$19.95,"Mozilla/5.0 (Windows NT 10.0; Win64; x64) AppleWebKit/537.36 (KHTML, like Gecko) Chrome/76.0.3809.100 Safari/537.36"
Arlene,https://www.glassesshop.com/eyeglasses/fp1764,"https://glassesshop-res.cloudinary.com/c_fill,f_auto,fl_lossy,q_auto,w_800,h_400,c_pad/products/201808/5b7e0ee2975f3.jpg",$24.95,"Mozilla/5.0 (Windows NT 10.0; Win64; x64) AppleWebKit/537.36 (KHTML, like Gecko) Chrome/76.0.3809.100 Safari/537.36"
Joyce,https://www.glassesshop.com/eyeglasses/fp1505,"https://glassesshop-res.cloudinary.com/c_fill,f_auto,fl_lossy,q_auto,w_800,h_400,c_pad/products/201712/5a2f93753d9d9.jpg",$12.95,"Mozilla/5.0 (Windows NT 10.0; Win64; x64) AppleWebKit/537.36 (KHTML, like Gecko) Chrome/76.0.3809.100 Safari/537.36"
Eleanor,https://www.glassesshop.com/eyeglasses/fp1949,"https://glassesshop-res.cloudinary.com/c_fill,f_auto,fl_lossy,q_auto,w_800,h_400,c_pad/products/202008/5f28fbbee8ec8.jpg",$12.95,"Mozilla/5.0 (Windows NT 10.0; Win64; x64) AppleWebKit/537.36 (KHTML, like Gecko) Chrome/76.0.3809.100 Safari/537.36"
Mandy,https://www.glassesshop.com/eyeglasses/fz1089,"https://glassesshop-res.cloudinary.com/c_fill,f_auto,fl_lossy,q_auto,w_800,h_400,c_pad/products/201710/59e01c51ef38a.jpg",$29.95,"Mozilla/5.0 (Windows NT 10.0; Win64; x64) AppleWebKit/537.36 (KHTML, like Gecko) Chrome/76.0.3809.100 Safari/537.36"
Mandy,https://www.glassesshop.com/eyeglasses/fz1090,"https://glassesshop-res.cloudinary.com/c_fill,f_auto,fl_lossy,q_auto,w_800,h_400,c_pad/products/201710/59e01c58d5a53.jpg",$29.95,"Mozilla/5.0 (Windows NT 10.0; Win64; x64) AppleWebKit/537.36 (KHTML, like Gecko) Chrome/76.0.3809.100 Safari/537.36"
Terre,https://www.glassesshop.com/eyeglasses/rm0247,"https://glassesshop-res.cloudinary.com/c_fill,f_auto,fl_lossy,q_auto,w_800,h_400,c_pad/products/201703/58c7556ccda85.jpg",$32.95,"Mozilla/5.0 (Windows NT 10.0; Win64; x64) AppleWebKit/537.36 (KHTML, like Gecko) Chrome/76.0.3809.100 Safari/537.36"
Brunswick,https://www.glassesshop.com/eyeglasses/fm1017,"https://glassesshop-res.cloudinary.com/c_fill,f_auto,fl_lossy,q_auto,w_800,h_400,c_pad/products/201805/5af13c7ed9208.jpg",$29.95,"Mozilla/5.0 (Windows NT 10.0; Win64; x64) AppleWebKit/537.36 (KHTML, like Gecko) Chrome/76.0.3809.100 Safari/537.36"
Angel,https://www.glassesshop.com/eyeglasses/fp1646,"https://glassesshop-res.cloudinary.com/c_fill,f_auto,fl_lossy,q_auto,w_800,h_400,c_pad/products/201805/5afe7ea43b647.jpg",$19.95,"Mozilla/5.0 (Windows NT 10.0; Win64; x64) AppleWebKit/537.36 (KHTML, like Gecko) Chrome/76.0.3809.100 Safari/537.36"
Hyannis,https://www.glassesshop.com/eyeglasses/fp1110,"https://glassesshop-res.cloudinary.com/c_fill,f_auto,fl_lossy,q_auto,w_800,h_400,c_pad/products/201708/5983fe65ed003.jpg",$29.95,"Mozilla/5.0 (Windows NT 10.0; Win64; x64) AppleWebKit/537.36 (KHTML, like Gecko) Chrome/76.0.3809.100 Safari/537.36"
Enoch,https://www.glassesshop.com/eyeglasses/fz1158,"https://glassesshop-res.cloudinary.com/c_fill,f_auto,fl_lossy,q_auto,w_800,h_400,c_pad/products/201805/5b0fae276f84e.jpg",$29.95,"Mozilla/5.0 (Windows NT 10.0; Win64; x64) AppleWebKit/537.36 (KHTML, like Gecko) Chrome/76.0.3809.100 Safari/537.36"
Virgo,https://www.glassesshop.com/eyeglasses/fm1432,"https://glassesshop-res.cloudinary.com/c_fill,f_auto,fl_lossy,q_auto,w_800,h_400,c_pad/products/202002/5e4366f95ffae.jpg",$29.95,"Mozilla/5.0 (Windows NT 10.0; Win64; x64) AppleWebKit/537.36 (KHTML, like Gecko) Chrome/76.0.3809.100 Safari/537.36"
Butler,https://www.glassesshop.com/eyeglasses/fp1843,"https://glassesshop-res.cloudinary.com/c_fill,f_auto,fl_lossy,q_auto,w_800,h_400,c_pad/products/201904/5cb69b51374f0.jpg",$19.95,"Mozilla/5.0 (Windows NT 10.0; Win64; x64) AppleWebKit/537.36 (KHTML, like Gecko) Chrome/76.0.3809.100 Safari/537.36"
Bray,https://www.glassesshop.com/eyeglasses/fp1922,"https://glassesshop-res.cloudinary.com/c_fill,f_auto,fl_lossy,q_auto,w_800,h_400,c_pad/products/201908/5d4d18f87ede5.jpg",$12.95,"Mozilla/5.0 (Windows NT 10.0; Win64; x64) AppleWebKit/537.36 (KHTML, like Gecko) Chrome/76.0.3809.100 Safari/537.36"
Averies,https://www.glassesshop.com/eyeglasses/fp1830,"https://glassesshop-res.cloudinary.com/c_fill,f_auto,fl_lossy,q_auto,w_800,h_400,c_pad/products/201904/5cb69b4231106.jpg",$19.95,"Mozilla/5.0 (Windows NT 10.0; Win64; x64) AppleWebKit/537.36 (KHTML, like Gecko) Chrome/76.0.3809.100 Safari/537.36"
Endicott,https://www.glassesshop.com/eyeglasses/fz1392,"https://glassesshop-res.cloudinary.com/c_fill,f_auto,fl_lossy,q_auto,w_800,h_400,c_pad/products/201910/5d9ffa72dbb0e.jpg",$29.95,"Mozilla/5.0 (Windows NT 10.0; Win64; x64) AppleWebKit/537.36 (KHTML, like Gecko) Chrome/76.0.3809.100 Safari/537.36"
Joni,https://www.glassesshop.com/eyeglasses/fp2025,"https://glassesshop-res.cloudinary.com/c_fill,f_auto,fl_lossy,q_auto,w_800,h_400,c_pad/products/201911/5dd3995ac6aa2.jpg",$29.95,"Mozilla/5.0 (Windows NT 10.0; Win64; x64) AppleWebKit/537.36 (KHTML, like Gecko) Chrome/76.0.3809.100 Safari/537.36"
,,https://www.glassesshop.com/bestsellers?page=3,,"Mozilla/5.0 (Windows NT 10.0; Win64; x64) AppleWebKit/537.36 (KHTML, like Gecko) Chrome/76.0.3809.100 Safari/537.36"
Flushing,https://www.glassesshop.com/eyeglasses/fp1973,"https://glassesshop-res.cloudinary.com/c_fill,f_auto,fl_lossy,q_auto,w_800,h_400,c_pad/products/202006/5ee87209d7257.jpg",$12.95,"Mozilla/5.0 (Windows NT 10.0; Win64; x64) AppleWebKit/537.36 (KHTML, like Gecko) Chrome/76.0.3809.100 Safari/537.36"
Whittier,https://www.glassesshop.com/eyeglasses/fz1311,"https://glassesshop-res.cloudinary.com/c_fill,f_auto,fl_lossy,q_auto,w_800,h_400,c_pad/products/201906/5cf8ca4e8f77c.jpg",$29.95,"Mozilla/5.0 (Windows NT 10.0; Win64; x64) AppleWebKit/537.36 (KHTML, like Gecko) Chrome/76.0.3809.100 Safari/537.36"
Arlene,https://www.glassesshop.com/eyeglasses/fp1762,"https://glassesshop-res.cloudinary.com/c_fill,f_auto,fl_lossy,q_auto,w_800,h_400,c_pad/products/201808/5b7e0ee291eff.jpg",$24.95,"Mozilla/5.0 (Windows NT 10.0; Win64; x64) AppleWebKit/537.36 (KHTML, like Gecko) Chrome/76.0.3809.100 Safari/537.36"
Isaiah,https://www.glassesshop.com/eyeglasses/fp1644,"https://glassesshop-res.cloudinary.com/c_fill,f_auto,fl_lossy,q_auto,w_800,h_400,c_pad/products/201805/5afe7e919eb7f.jpg",$19.95,"Mozilla/5.0 (Windows NT 10.0; Win64; x64) AppleWebKit/537.36 (KHTML, like Gecko) Chrome/76.0.3809.100 Safari/537.36"
Thomasville,https://www.glassesshop.com/eyeglasses/fp1565,"https://glassesshop-res.cloudinary.com/c_fill,f_auto,fl_lossy,q_auto,w_800,h_400,c_pad/products/201803/5ab49500a3081.jpg",$24.95,"Mozilla/5.0 (Windows NT 10.0; Win64; x64) AppleWebKit/537.36 (KHTML, like Gecko) Chrome/76.0.3809.100 Safari/537.36"
Holt,https://www.glassesshop.com/eyeglasses/fp1401,"https://glassesshop-res.cloudinary.com/c_fill,f_auto,fl_lossy,q_auto,w_800,h_400,c_pad/products/201708/59841308cc508.jpg",$19.95,"Mozilla/5.0 (Windows NT 10.0; Win64; x64) AppleWebKit/537.36 (KHTML, like Gecko) Chrome/76.0.3809.100 Safari/537.36"
Springfield,https://www.glassesshop.com/eyeglasses/fm1408,"https://glassesshop-res.cloudinary.com/c_fill,f_auto,fl_lossy,q_auto,w_800,h_400,c_pad/products/201910/5da92c94679bd.jpg",$24.95,"Mozilla/5.0 (Windows NT 10.0; Win64; x64) AppleWebKit/537.36 (KHTML, like Gecko) Chrome/76.0.3809.100 Safari/537.36"
Riverside,https://www.glassesshop.com/eyeglasses/fm1384,"https://glassesshop-res.cloudinary.com/c_fill,f_auto,fl_lossy,q_auto,w_800,h_400,c_pad/products/201906/5d0318962569f.jpg",$19.95,"Mozilla/5.0 (Windows NT 10.0; Win64; x64) AppleWebKit/537.36 (KHTML, like Gecko) Chrome/76.0.3809.100 Safari/537.36"
Mika,https://www.glassesshop.com/eyeglasses/sup0652,"https://glassesshop-res.cloudinary.com/c_fill,f_auto,fl_lossy,q_auto,w_800,h_400,c_pad/products/201905/5ccf966899ddb.jpg",$29.95,"Mozilla/5.0 (Windows NT 10.0; Win64; x64) AppleWebKit/537.36 (KHTML, like Gecko) Chrome/76.0.3809.100 Safari/537.36"
Trenton,https://www.glassesshop.com/eyeglasses/fp1232,"https://glassesshop-res.cloudinary.com/c_fill,f_auto,fl_lossy,q_auto,w_800,h_400,c_pad/products/201611/58252d0bc746b.jpg",$19.95,"Mozilla/5.0 (Windows NT 10.0; Win64; x64) AppleWebKit/537.36 (KHTML, like Gecko) Chrome/76.0.3809.100 Safari/537.36"
Rochester,https://www.glassesshop.com/eyeglasses/fm1383,"https://glassesshop-res.cloudinary.com/c_fill,f_auto,fl_lossy,q_auto,w_800,h_400,c_pad/products/201906/5cff0f5a59b35.jpg",$29.95,"Mozilla/5.0 (Windows NT 10.0; Win64; x64) AppleWebKit/537.36 (KHTML, like Gecko) Chrome/76.0.3809.100 Safari/537.36"
Heather,https://www.glassesshop.com/eyeglasses/fp1704,"https://glassesshop-res.cloudinary.com/c_fill,f_auto,fl_lossy,q_auto,w_800,h_400,c_pad/products/202004/5e9d1d010a57b.jpg",$29.95,"Mozilla/5.0 (Windows NT 10.0; Win64; x64) AppleWebKit/537.36 (KHTML, like Gecko) Chrome/76.0.3809.100 Safari/537.36"
Hawthorn,https://www.glassesshop.com/eyeglasses/fm1349,"https://glassesshop-res.cloudinary.com/c_fill,f_auto,fl_lossy,q_auto,w_800,h_400,c_pad/products/201812/5c2436744043a.jpg",$29.95,"Mozilla/5.0 (Windows NT 10.0; Win64; x64) AppleWebKit/537.36 (KHTML, like Gecko) Chrome/76.0.3809.100 Safari/537.36"
Christian,https://www.glassesshop.com/eyeglasses/sup0759,"https://glassesshop-res.cloudinary.com/c_fill,f_auto,fl_lossy,q_auto,w_800,h_400,c_pad/products/202001/5e0eb47d12e4c.jpg",$29.95,"Mozilla/5.0 (Windows NT 10.0; Win64; x64) AppleWebKit/537.36 (KHTML, like Gecko) Chrome/76.0.3809.100 Safari/537.36"
Kelowna,https://www.glassesshop.com/eyeglasses/fp1411,"https://glassesshop-res.cloudinary.com/c_fill,f_auto,fl_lossy,q_auto,w_800,h_400,c_pad/products/201710/59e4598958f4c.jpg",$19.95,"Mozilla/5.0 (Windows NT 10.0; Win64; x64) AppleWebKit/537.36 (KHTML, like Gecko) Chrome/76.0.3809.100 Safari/537.36"
Alturas,https://www.glassesshop.com/eyeglasses/fm1417,"https://glassesshop-res.cloudinary.com/c_fill,f_auto,fl_lossy,q_auto,w_800,h_400,c_pad/products/202002/5e377f4d9cb97.jpg",$29.95,"Mozilla/5.0 (Windows NT 10.0; Win64; x64) AppleWebKit/537.36 (KHTML, like Gecko) Chrome/76.0.3809.100 Safari/537.36"
Duluth,https://www.glassesshop.com/eyeglasses/sup0788,"https://glassesshop-res.cloudinary.com/c_fill,f_auto,fl_lossy,q_auto,w_800,h_400,c_pad/products/202001/5e0eb6300f466.jpg",$29.95,"Mozilla/5.0 (Windows NT 10.0; Win64; x64) AppleWebKit/537.36 (KHTML, like Gecko) Chrome/76.0.3809.100 Safari/537.36"
Sudbury,https://www.glassesshop.com/eyeglasses/fp0611,"https://glassesshop-res.cloudinary.com/c_fill,f_auto,fl_lossy,q_auto,w_800,h_400,c_pad/products/201703/58dcb60839138.jpg",$29.95,"Mozilla/5.0 (Windows NT 10.0; Win64; x64) AppleWebKit/537.36 (KHTML, like Gecko) Chrome/76.0.3809.100 Safari/537.36"
Glenview,https://www.glassesshop.com/eyeglasses/ft0364,"https://glassesshop-res.cloudinary.com/c_fill,f_auto,fl_lossy,q_auto,w_800,h_400,c_pad/products/202002/5e4288d506c67.jpg",$49.95,"Mozilla/5.0 (Windows NT 10.0; Win64; x64) AppleWebKit/537.36 (KHTML, like Gecko) Chrome/76.0.3809.100 Safari/537.36"
Plains,https://www.glassesshop.com/eyeglasses/fp2026,"https://glassesshop-res.cloudinary.com/c_fill,f_auto,fl_lossy,q_auto,w_800,h_400,c_pad/products/201911/5dbfecc57f5b9.jpg",$24.95,"Mozilla/5.0 (Windows NT 10.0; Win64; x64) AppleWebKit/537.36 (KHTML, like Gecko) Chrome/76.0.3809.100 Safari/537.36"
Nicole,https://www.glassesshop.com/eyeglasses/fz1084,"https://glassesshop-res.cloudinary.com/c_fill,f_auto,fl_lossy,q_auto,w_800,h_400,c_pad/products/201710/59e01c2d210b5.jpg",$19.95,"Mozilla/5.0 (Windows NT 10.0; Win64; x64) AppleWebKit/537.36 (KHTML, like Gecko) Chrome/76.0.3809.100 Safari/537.36"
Persol,https://www.glassesshop.com/eyeglasses/fp1859,"https://glassesshop-res.cloudinary.com/c_fill,f_auto,fl_lossy,q_auto,w_800,h_400,c_pad/products/201904/5cc16d554bf7c.jpg",$19.95,"Mozilla/5.0 (Windows NT 10.0; Win64; x64) AppleWebKit/537.36 (KHTML, like Gecko) Chrome/76.0.3809.100 Safari/537.36"
Robben,https://www.glassesshop.com/eyeglasses/ft0242,"https://glassesshop-res.cloudinary.com/c_fill,f_auto,fl_lossy,q_auto,w_800,h_400,c_pad/products/201810/5bbc4f036842a.jpg",$39.95,"Mozilla/5.0 (Windows NT 10.0; Win64; x64) AppleWebKit/537.36 (KHTML, like Gecko) Chrome/76.0.3809.100 Safari/537.36"
Beulah,https://www.glassesshop.com/eyeglasses/fz1247,"https://glassesshop-res.cloudinary.com/c_fill,f_auto,fl_lossy,q_auto,w_800,h_400,c_pad/products/201910/5daeb8bb49037.jpg",$29.95,"Mozilla/5.0 (Windows NT 10.0; Win64; x64) AppleWebKit/537.36 (KHTML, like Gecko) Chrome/76.0.3809.100 Safari/537.36"
Bernardino,https://www.glassesshop.com/eyeglasses/sup0747,"https://glassesshop-res.cloudinary.com/c_fill,f_auto,fl_lossy,q_auto,w_800,h_400,c_pad/products/202007/5f1e8f4a2edeb.jpg",$34.95,"Mozilla/5.0 (Windows NT 10.0; Win64; x64) AppleWebKit/537.36 (KHTML, like Gecko) Chrome/76.0.3809.100 Safari/537.36"
Averies,https://www.glassesshop.com/eyeglasses/fp1829,"https://glassesshop-res.cloudinary.com/c_fill,f_auto,fl_lossy,q_auto,w_800,h_400,c_pad/products/201904/5cb69b422b034.jpg",$19.95,"Mozilla/5.0 (Windows NT 10.0; Win64; x64) AppleWebKit/537.36 (KHTML, like Gecko) Chrome/76.0.3809.100 Safari/537.36"
Watertown,https://www.glassesshop.com/eyeglasses/fp1805,"https://glassesshop-res.cloudinary.com/c_fill,f_auto,fl_lossy,q_auto,w_800,h_400,c_pad/products/201903/5c99cd4246eda.jpg",$19.95,"Mozilla/5.0 (Windows NT 10.0; Win64; x64) AppleWebKit/537.36 (KHTML, like Gecko) Chrome/76.0.3809.100 Safari/537.36"
Zoe,https://www.glassesshop.com/eyeglasses/fp1456,"https://glassesshop-res.cloudinary.com/c_fill,f_auto,fl_lossy,q_auto,w_800,h_400,c_pad/products/201909/5d8d74c323898.jpg",$19.95,"Mozilla/5.0 (Windows NT 10.0; Win64; x64) AppleWebKit/537.36 (KHTML, like Gecko) Chrome/76.0.3809.100 Safari/537.36"
Miami,https://www.glassesshop.com/eyeglasses/fz0983,"https://glassesshop-res.cloudinary.com/c_fill,f_auto,fl_lossy,q_auto,w_800,h_400,c_pad/products/201808/5b873cb02e60f.jpg",$29.95,"Mozilla/5.0 (Windows NT 10.0; Win64; x64) AppleWebKit/537.36 (KHTML, like Gecko) Chrome/76.0.3809.100 Safari/537.36"
Uriah,https://www.glassesshop.com/eyeglasses/fm1308,"https://glassesshop-res.cloudinary.com/c_fill,f_auto,fl_lossy,q_auto,w_800,h_400,c_pad/products/201810/5bbc4f033d516.jpg",$9.95,"Mozilla/5.0 (Windows NT 10.0; Win64; x64) AppleWebKit/537.36 (KHTML, like Gecko) Chrome/76.0.3809.100 Safari/537.36"
Brentwood,https://www.glassesshop.com/eyeglasses/fp1975,"https://glassesshop-res.cloudinary.com/c_fill,f_auto,fl_lossy,q_auto,w_800,h_400,c_pad/products/201910/5da92cdf68fb3.jpg",$24.95,"Mozilla/5.0 (Windows NT 10.0; Win64; x64) AppleWebKit/537.36 (KHTML, like Gecko) Chrome/76.0.3809.100 Safari/537.36"
Kerlins,https://www.glassesshop.com/eyeglasses/sup0658,"https://glassesshop-res.cloudinary.com/c_fill,f_auto,fl_lossy,q_auto,w_800,h_400,c_pad/products/201905/5ccf9668d1b8c.jpg",$29.95,"Mozilla/5.0 (Windows NT 10.0; Win64; x64) AppleWebKit/537.36 (KHTML, like Gecko) Chrome/76.0.3809.100 Safari/537.36"
Rosemary,https://www.glassesshop.com/eyeglasses/sup0755,"https://glassesshop-res.cloudinary.com/c_fill,f_auto,fl_lossy,q_auto,w_800,h_400,c_pad/products/202001/5e0eb45f026a5.jpg",$29.95,"Mozilla/5.0 (Windows NT 10.0; Win64; x64) AppleWebKit/537.36 (KHTML, like Gecko) Chrome/76.0.3809.100 Safari/537.36"
Mobile,https://www.glassesshop.com/eyeglasses/ft0360,"https://glassesshop-res.cloudinary.com/c_fill,f_auto,fl_lossy,q_auto,w_800,h_400,c_pad/products/202002/5e377f9ccb097.jpg",$39.95,"Mozilla/5.0 (Windows NT 10.0; Win64; x64) AppleWebKit/537.36 (KHTML, like Gecko) Chrome/76.0.3809.100 Safari/537.36"
Spender,https://www.glassesshop.com/eyeglasses/sup0633,"https://glassesshop-res.cloudinary.com/c_fill,f_auto,fl_lossy,q_auto,w_800,h_400,c_pad/products/201904/5cc806c8322f4.jpg",$19.95,"Mozilla/5.0 (Windows NT 10.0; Win64; x64) AppleWebKit/537.36 (KHTML, like Gecko) Chrome/76.0.3809.100 Safari/537.36"
Wilker,https://www.glassesshop.com/eyeglasses/sup0624,"https://glassesshop-res.cloudinary.com/c_fill,f_auto,fl_lossy,q_auto,w_800,h_400,c_pad/products/201904/5cb69b5e619ad.jpg",$29.95,"Mozilla/5.0 (Windows NT 10.0; Win64; x64) AppleWebKit/537.36 (KHTML, like Gecko) Chrome/76.0.3809.100 Safari/537.36"
Cooksville,https://www.glassesshop.com/eyeglasses/fp1566,"https://glassesshop-res.cloudinary.com/c_fill,f_auto,fl_lossy,q_auto,w_800,h_400,c_pad/products/201803/5ab495953edf7.jpg",$24.95,"Mozilla/5.0 (Windows NT 10.0; Win64; x64) AppleWebKit/537.36 (KHTML, like Gecko) Chrome/76.0.3809.100 Safari/537.36"
BowlingGreen,https://www.glassesshop.com/eyeglasses/fp0917,"https://glassesshop-res.cloudinary.com/c_fill,f_auto,fl_lossy,q_auto,w_800,h_400,c_pad/products/201709/59c9aad199397.jpg",$29.95,"Mozilla/5.0 (Windows NT 10.0; Win64; x64) AppleWebKit/537.36 (KHTML, like Gecko) Chrome/76.0.3809.100 Safari/537.36"
Dubois,https://www.glassesshop.com/eyeglasses/ft0325,"https://glassesshop-res.cloudinary.com/c_fill,f_auto,fl_lossy,q_auto,w_800,h_400,c_pad/products/201908/5d4d18048e8bd.jpg",$49.95,"Mozilla/5.0 (Windows NT 10.0; Win64; x64) AppleWebKit/537.36 (KHTML, like Gecko) Chrome/76.0.3809.100 Safari/537.36"
Abra,https://www.glassesshop.com/eyeglasses/fp1942,"https://glassesshop-res.cloudinary.com/c_fill,f_auto,fl_lossy,q_auto,w_800,h_400,c_pad/products/201910/5db00f2136e16.jpg",$19.95,"Mozilla/5.0 (Windows NT 10.0; Win64; x64) AppleWebKit/537.36 (KHTML, like Gecko) Chrome/76.0.3809.100 Safari/537.36"
Bloor,https://www.glassesshop.com/eyeglasses/fp1918,"https://glassesshop-res.cloudinary.com/c_fill,f_auto,fl_lossy,q_auto,w_800,h_400,c_pad/products/201908/5d4d18e5deb94.jpg",$12.95,"Mozilla/5.0 (Windows NT 10.0; Win64; x64) AppleWebKit/537.36 (KHTML, like Gecko) Chrome/76.0.3809.100 Safari/537.36"
Warren,https://www.glassesshop.com/eyeglasses/ft0355,"https://glassesshop-res.cloudinary.com/c_fill,f_auto,fl_lossy,q_auto,w_800,h_400,c_pad/products/201911/5dbfed242069f.jpg",$44.95,"Mozilla/5.0 (Windows NT 10.0; Win64; x64) AppleWebKit/537.36 (KHTML, like Gecko) Chrome/76.0.3809.100 Safari/537.36"
Hayden,https://www.glassesshop.com/eyeglasses/fp1239,"https://glassesshop-res.cloudinary.com/c_fill,f_auto,fl_lossy,q_auto,w_800,h_400,c_pad/products/201611/582e611cecfb5.jpg",$24.95,"Mozilla/5.0 (Windows NT 10.0; Win64; x64) AppleWebKit/537.36 (KHTML, like Gecko) Chrome/76.0.3809.100 Safari/537.36"
Carmelita,https://www.glassesshop.com/eyeglasses/ft0319,"https://glassesshop-res.cloudinary.com/c_fill,f_auto,fl_lossy,q_auto,w_800,h_400,c_pad/products/201906/5d03189692b6e.jpg",$54.95,"Mozilla/5.0 (Windows NT 10.0; Win64; x64) AppleWebKit/537.36 (KHTML, like Gecko) Chrome/76.0.3809.100 Safari/537.36"
Hearst,https://www.glassesshop.com/eyeglasses/ft0265,"https://glassesshop-res.cloudinary.com/c_fill,f_auto,fl_lossy,q_auto,w_800,h_400,c_pad/products/201905/5cdccc2f0a37d.jpg",$64.95,"Mozilla/5.0 (Windows NT 10.0; Win64; x64) AppleWebKit/537.36 (KHTML, like Gecko) Chrome/76.0.3809.100 Safari/537.36"
Novia,https://www.glassesshop.com/eyeglasses/fp1697,"https://glassesshop-res.cloudinary.com/c_fill,f_auto,fl_lossy,q_auto,w_800,h_400,c_pad/products/201805/5b03beaa13479.jpg",$19.95,"Mozilla/5.0 (Windows NT 10.0; Win64; x64) AppleWebKit/537.36 (KHTML, like Gecko) Chrome/76.0.3809.100 Safari/537.36"
Mile,https://www.glassesshop.com/eyeglasses/sup0827,"https://glassesshop-res.cloudinary.com/c_fill,f_auto,fl_lossy,q_auto,w_800,h_400,c_pad/products/202004/5e93cdfbb63f5.jpg",$29.95,"Mozilla/5.0 (Windows NT 10.0; Win64; x64) AppleWebKit/537.36 (KHTML, like Gecko) Chrome/76.0.3809.100 Safari/537.36"
Annapolis,https://www.glassesshop.com/eyeglasses/sup0784,"https://glassesshop-res.cloudinary.com/c_fill,f_auto,fl_lossy,q_auto,w_800,h_400,c_pad/products/202001/5e0eb61ac3537.jpg",$29.95,"Mozilla/5.0 (Windows NT 10.0; Win64; x64) AppleWebKit/537.36 (KHTML, like Gecko) Chrome/76.0.3809.100 Safari/537.36"
Coolidge,https://www.glassesshop.com/eyeglasses/fp1168,"https://glassesshop-res.cloudinary.com/c_fill,f_auto,fl_lossy,q_auto,w_800,h_400,c_pad/products/201702/58ae78f252584.jpg",$9.95,"Mozilla/5.0 (Windows NT 10.0; Win64; x64) AppleWebKit/537.36 (KHTML, like Gecko) Chrome/76.0.3809.100 Safari/537.36"
Bronwyn,https://www.glassesshop.com/eyeglasses/ft0312,"https://glassesshop-res.cloudinary.com/c_fill,f_auto,fl_lossy,q_auto,w_800,h_400,c_pad/products/201906/5d03189679afc.jpg",$39.95,"Mozilla/5.0 (Windows NT 10.0; Win64; x64) AppleWebKit/537.36 (KHTML, like Gecko) Chrome/76.0.3809.100 Safari/537.36"
Broderick,https://www.glassesshop.com/eyeglasses/sm0878,"https://glassesshop-res.cloudinary.com/c_fill,f_auto,fl_lossy,q_auto,w_800,h_400,c_pad/products/201901/5c3403882645e.jpg",$29.95,"Mozilla/5.0 (Windows NT 10.0; Win64; x64) AppleWebKit/537.36 (KHTML, like Gecko) Chrome/76.0.3809.100 Safari/537.36"
Ventura,https://www.glassesshop.com/eyeglasses/fz1407,"https://glassesshop-res.cloudinary.com/c_fill,f_auto,fl_lossy,q_auto,w_800,h_400,c_pad/products/202002/5e377fd1a54db.jpg",$44.95,"Mozilla/5.0 (Windows NT 10.0; Win64; x64) AppleWebKit/537.36 (KHTML, like Gecko) Chrome/76.0.3809.100 Safari/537.36"
Arda,https://www.glassesshop.com/eyeglasses/ft0306,"https://glassesshop-res.cloudinary.com/c_fill,f_auto,fl_lossy,q_auto,w_800,h_400,c_pad/products/201906/5d03189663f78.jpg",$39.95,"Mozilla/5.0 (Windows NT 10.0; Win64; x64) AppleWebKit/537.36 (KHTML, like Gecko) Chrome/76.0.3809.100 Safari/537.36"
James,https://www.glassesshop.com/eyeglasses/fm1086,"https://glassesshop-res.cloudinary.com/c_fill,f_auto,fl_lossy,q_auto,w_800,h_400,c_pad/products/201707/5965e62dae07c.jpg",$44.95,"Mozilla/5.0 (Windows NT 10.0; Win64; x64) AppleWebKit/537.36 (KHTML, like Gecko) Chrome/76.0.3809.100 Safari/537.36"
Spender,https://www.glassesshop.com/eyeglasses/sup0632,"https://glassesshop-res.cloudinary.com/c_fill,f_auto,fl_lossy,q_auto,w_800,h_400,c_pad/products/201904/5cc806c83858d.jpg",$19.95,"Mozilla/5.0 (Windows NT 10.0; Win64; x64) AppleWebKit/537.36 (KHTML, like Gecko) Chrome/76.0.3809.100 Safari/537.36"
Laura,https://www.glassesshop.com/eyeglasses/fz1098,"https://glassesshop-res.cloudinary.com/c_fill,f_auto,fl_lossy,q_auto,w_800,h_400,c_pad/products/201710/59e01c91dd8f1.jpg",$9.95,"Mozilla/5.0 (Windows NT 10.0; Win64; x64) AppleWebKit/537.36 (KHTML, like Gecko) Chrome/76.0.3809.100 Safari/537.36"
Yvette,https://www.glassesshop.com/eyeglasses/sup0782,"https://glassesshop-res.cloudinary.com/c_fill,f_auto,fl_lossy,q_auto,w_800,h_400,c_pad/products/202001/5e0eb60c54fcf.jpg",$29.95,"Mozilla/5.0 (Windows NT 10.0; Win64; x64) AppleWebKit/537.36 (KHTML, like Gecko) Chrome/76.0.3809.100 Safari/537.36"
Bernardino,https://www.glassesshop.com/eyeglasses/sup0749,"https://glassesshop-res.cloudinary.com/c_fill,f_auto,fl_lossy,q_auto,w_800,h_400,c_pad/products/202007/5f1e8ac5b6c35.jpg",$34.95,"Mozilla/5.0 (Windows NT 10.0; Win64; x64) AppleWebKit/537.36 (KHTML, like Gecko) Chrome/76.0.3809.100 Safari/537.36"
Hughes,https://www.glassesshop.com/eyeglasses/ft0278,"https://glassesshop-res.cloudinary.com/c_fill,f_auto,fl_lossy,q_auto,w_800,h_400,c_pad/products/201901/5c34038810a7e.jpg",$44.95,"Mozilla/5.0 (Windows NT 10.0; Win64; x64) AppleWebKit/537.36 (KHTML, like Gecko) Chrome/76.0.3809.100 Safari/537.36"
,,https://www.glassesshop.com/bestsellers?page=4,,"Mozilla/5.0 (Windows NT 10.0; Win64; x64) AppleWebKit/537.36 (KHTML, like Gecko) Chrome/76.0.3809.100 Safari/537.36"
Maltz,https://www.glassesshop.com/eyeglasses/fz1371,"https://glassesshop-res.cloudinary.com/c_fill,f_auto,fl_lossy,q_auto,w_800,h_400,c_pad/products/201907/5d268bd89339c.jpg",$19.95,"Mozilla/5.0 (Windows NT 10.0; Win64; x64) AppleWebKit/537.36 (KHTML, like Gecko) Chrome/76.0.3809.100 Safari/537.36"
Gemini,https://www.glassesshop.com/eyeglasses/ft0369,"https://glassesshop-res.cloudinary.com/c_fill,f_auto,fl_lossy,q_auto,w_800,h_400,c_pad/products/202002/5e43692d81c6b.jpg",$59.95,"Mozilla/5.0 (Windows NT 10.0; Win64; x64) AppleWebKit/537.36 (KHTML, like Gecko) Chrome/76.0.3809.100 Safari/537.36"
Fernando,https://www.glassesshop.com/eyeglasses/sup0746,"https://glassesshop-res.cloudinary.com/c_fill,f_auto,fl_lossy,q_auto,w_800,h_400,c_pad/products/202007/5f1e8f42c8055.jpg",$34.95,"Mozilla/5.0 (Windows NT 10.0; Win64; x64) AppleWebKit/537.36 (KHTML, like Gecko) Chrome/76.0.3809.100 Safari/537.36"
Monterey,https://www.glassesshop.com/eyeglasses/sup0724,"https://glassesshop-res.cloudinary.com/c_fill,f_auto,fl_lossy,q_auto,w_800,h_400,c_pad/products/202007/5f1e8d0b56de1.jpg",$49.95,"Mozilla/5.0 (Windows NT 10.0; Win64; x64) AppleWebKit/537.36 (KHTML, like Gecko) Chrome/76.0.3809.100 Safari/537.36"
Yvette,https://www.glassesshop.com/eyeglasses/sup0780,"https://glassesshop-res.cloudinary.com/c_fill,f_auto,fl_lossy,q_auto,w_800,h_400,c_pad/products/202001/5e0eb5fda4dc9.jpg",$29.95,"Mozilla/5.0 (Windows NT 10.0; Win64; x64) AppleWebKit/537.36 (KHTML, like Gecko) Chrome/76.0.3809.100 Safari/537.36"
Ophelia,https://www.glassesshop.com/eyeglasses/sup0702,"https://glassesshop-res.cloudinary.com/c_fill,f_auto,fl_lossy,q_auto,w_800,h_400,c_pad/products/201906/5cff70bbf1bf9.jpg",$29.95,"Mozilla/5.0 (Windows NT 10.0; Win64; x64) AppleWebKit/537.36 (KHTML, like Gecko) Chrome/76.0.3809.100 Safari/537.36"
Morgan,https://www.glassesshop.com/eyeglasses/sup0656,"https://glassesshop-res.cloudinary.com/c_fill,f_auto,fl_lossy,q_auto,w_800,h_400,c_pad/products/201905/5ccf9668bc29a.jpg",$29.95,"Mozilla/5.0 (Windows NT 10.0; Win64; x64) AppleWebKit/537.36 (KHTML, like Gecko) Chrome/76.0.3809.100 Safari/537.36"
Chandler,https://www.glassesshop.com/eyeglasses/sup0717,"https://glassesshop-res.cloudinary.com/c_fill,f_auto,fl_lossy,q_auto,w_800,h_400,c_pad/products/202007/5f1e8cf02d9c0.jpg",$34.95,"Mozilla/5.0 (Windows NT 10.0; Win64; x64) AppleWebKit/537.36 (KHTML, like Gecko) Chrome/76.0.3809.100 Safari/537.36"
Prairie,https://www.glassesshop.com/eyeglasses/fz1461,"https://glassesshop-res.cloudinary.com/c_fill,f_auto,fl_lossy,q_auto,w_800,h_400,c_pad/products/202005/5eb913470af6b.jpg",$34.95,"Mozilla/5.0 (Windows NT 10.0; Win64; x64) AppleWebKit/537.36 (KHTML, like Gecko) Chrome/76.0.3809.100 Safari/537.36"
Westlake,https://www.glassesshop.com/eyeglasses/fz1437,"https://glassesshop-res.cloudinary.com/c_fill,f_auto,fl_lossy,q_auto,w_800,h_400,c_pad/products/202005/5eb9129c7a05e.jpg",$44.95,"Mozilla/5.0 (Windows NT 10.0; Win64; x64) AppleWebKit/537.36 (KHTML, like Gecko) Chrome/76.0.3809.100 Safari/537.36"
Haywood,https://www.glassesshop.com/eyeglasses/fm1353,"https://glassesshop-res.cloudinary.com/c_fill,f_auto,fl_lossy,q_auto,w_800,h_400,c_pad/products/201812/5c2436744bcc2.jpg",$29.95,"Mozilla/5.0 (Windows NT 10.0; Win64; x64) AppleWebKit/537.36 (KHTML, like Gecko) Chrome/76.0.3809.100 Safari/537.36"
Murphy,https://www.glassesshop.com/eyeglasses/fp1747,"https://glassesshop-res.cloudinary.com/c_fill,f_auto,fl_lossy,q_auto,w_800,h_400,c_pad/products/201807/5b5fc22e9933f.jpg",$39.95,"Mozilla/5.0 (Windows NT 10.0; Win64; x64) AppleWebKit/537.36 (KHTML, like Gecko) Chrome/76.0.3809.100 Safari/537.36"
Derrick,https://www.glassesshop.com/eyeglasses/fp1661,"https://glassesshop-res.cloudinary.com/c_fill,f_auto,fl_lossy,q_auto,w_800,h_400,c_pad/products/201805/5af16009d7b28.jpg",$24.95,"Mozilla/5.0 (Windows NT 10.0; Win64; x64) AppleWebKit/537.36 (KHTML, like Gecko) Chrome/76.0.3809.100 Safari/537.36"
Murphy,https://www.glassesshop.com/eyeglasses/fp1746,"https://glassesshop-res.cloudinary.com/c_fill,f_auto,fl_lossy,q_auto,w_800,h_400,c_pad/products/201811/5bebc0387547c.jpg",$39.95,"Mozilla/5.0 (Windows NT 10.0; Win64; x64) AppleWebKit/537.36 (KHTML, like Gecko) Chrome/76.0.3809.100 Safari/537.36"
Evansville,https://www.glassesshop.com/eyeglasses/fp1364,"https://glassesshop-res.cloudinary.com/c_fill,f_auto,fl_lossy,q_auto,w_800,h_400,c_pad/products/201808/5b873cb01e9f7.jpg",$9.95,"Mozilla/5.0 (Windows NT 10.0; Win64; x64) AppleWebKit/537.36 (KHTML, like Gecko) Chrome/76.0.3809.100 Safari/537.36"
Watertown,https://www.glassesshop.com/eyeglasses/fp1804,"https://glassesshop-res.cloudinary.com/c_fill,f_auto,fl_lossy,q_auto,w_800,h_400,c_pad/products/201903/5c99cd4244575.jpg",$19.95,"Mozilla/5.0 (Windows NT 10.0; Win64; x64) AppleWebKit/537.36 (KHTML, like Gecko) Chrome/76.0.3809.100 Safari/537.36"
Labrador,https://www.glassesshop.com/eyeglasses/fp1989,"https://glassesshop-res.cloudinary.com/c_fill,f_auto,fl_lossy,q_auto,w_800,h_400,c_pad/products/201910/5d9ff9da1df35.jpg",$12.95,"Mozilla/5.0 (Windows NT 10.0; Win64; x64) AppleWebKit/537.36 (KHTML, like Gecko) Chrome/76.0.3809.100 Safari/537.36"
Dove,https://www.glassesshop.com/eyeglasses/fp1726,"https://glassesshop-res.cloudinary.com/c_fill,f_auto,fl_lossy,q_auto,w_800,h_400,c_pad/products/201807/5b3dcfeb7bc2f.jpg",$34.95,"Mozilla/5.0 (Windows NT 10.0; Win64; x64) AppleWebKit/537.36 (KHTML, like Gecko) Chrome/76.0.3809.100 Safari/537.36"
Ben,https://www.glassesshop.com/eyeglasses/fp1722,"https://glassesshop-res.cloudinary.com/c_fill,f_auto,fl_lossy,q_auto,w_800,h_400,c_pad/products/201807/5b3dcfcc49a86.jpg",$39.95,"Mozilla/5.0 (Windows NT 10.0; Win64; x64) AppleWebKit/537.36 (KHTML, like Gecko) Chrome/76.0.3809.100 Safari/537.36"
